"City","County","Rate","rate_float"
"Alameda*","Alameda",9.25,0.0925
"Army Terminal","Alameda",9.25,0.0925
"Ashland","Alameda",9.25,0.0925
"Berkeley*","Alameda",9.25,0.0925
"Bradford","Alameda",9.25,0.0925
"Castro Valley","Alameda",9.25,0.0925
"Cresta Blanca","Alameda",9.25,0.0925
"Dublin*","Alameda",9.25,0.0925
"Elmwood","Alameda",9.25,0.0925
"Emeryville*","Alameda",9.25,0.0925
"Fremont*","Alameda",9.25,0.0925
"Government Island","Alameda",9.25,0.0925
"Heyer","Alameda",9.25,0.0925
"Landscape","Alameda",9.25,0.0925
"Livermore*","Alameda",9.25,0.0925
"Naval Air Station (Alameda*)","Alameda",9.25,0.0925
"Naval Hospital (Oakland*)","Alameda",9.25,0.0925
"Naval Supply Center (Oakland*)","Alameda",9.25,0.0925
"Oakland*","Alameda",9.25,0.0925
"Piedmont*","Alameda",9.25,0.0925
"Pleasanton*","Alameda",9.25,0.0925
"San Lorenzo","Alameda",9.25,0.0925
"South Shore (Alameda*)","Alameda",9.25,0.0925
"Sunol","Alameda",9.25,0.0925
"Warm Springs (Fremont*)","Alameda",9.25,0.0925
"Albany*","Alameda",9.75,0.0975
"Hayward*","Alameda",9.75,0.0975
"Newark*","Alameda",9.75,0.0975
"San Leandro*","Alameda",9.75,0.0975
"Union City*","Alameda",9.75,0.0975
"Bear Valley","Alpine",7.25,0.0725
"Hope Valley (Forest Camp)","Alpine",7.25,0.0725
"Kirkwood","Alpine",7.25,0.0725
"Lake Alpine","Alpine",7.25,0.0725
"Markleeville","Alpine",7.25,0.0725
"Woodfords","Alpine",7.25,0.0725
"Amador City*","Amador",7.75,0.0775
"Bear River Lake","Amador",7.75,0.0775
"Drytown","Amador",7.75,0.0775
"Fiddletown","Amador",7.75,0.0775
"Ione*","Amador",7.75,0.0775
"Jackson*","Amador",7.75,0.0775
"Kit Carson","Amador",7.75,0.0775
"Martell","Amador",7.75,0.0775
"Pine Grove","Amador",7.75,0.0775
"Pioneer","Amador",7.75,0.0775
"Plymouth*","Amador",7.75,0.0775
"River Pines","Amador",7.75,0.0775
"Silver Lake","Amador",7.75,0.0775
"Sutter Creek*","Amador",7.75,0.0775
"Volcano","Amador",7.75,0.0775
"Bangor","Butte",7.25,0.0725
"Berry Creek","Butte",7.25,0.0725
"Biggs*","Butte",7.25,0.0725
"Butte Meadows","Butte",7.25,0.0725
"Chico*","Butte",7.25,0.0725
"Clipper Mills","Butte",7.25,0.0725
"Cohasset","Butte",7.25,0.0725
"Durham","Butte",7.25,0.0725
"Feather Falls","Butte",7.25,0.0725
"Forbestown","Butte",7.25,0.0725
"Forest Ranch","Butte",7.25,0.0725
"Gridley*","Butte",7.25,0.0725
"Magalia","Butte",7.25,0.0725
"Nelson","Butte",7.25,0.0725
"Oroville*","Butte",7.25,0.0725
"Palermo","Butte",7.25,0.0725
"Pulga","Butte",7.25,0.0725
"Richardson Springs","Butte",7.25,0.0725
"Richvale","Butte",7.25,0.0725
"Stirling City","Butte",7.25,0.0725
"Yankee Hill","Butte",7.25,0.0725
"Paradise*","Butte",7.75,0.0775
"Altaville","Calaveras",7.25,0.0725
"Angels Camp*","Calaveras",7.25,0.0725
"Arnold","Calaveras",7.25,0.0725
"Avery","Calaveras",7.25,0.0725
"Burson","Calaveras",7.25,0.0725
"Camp Connell","Calaveras",7.25,0.0725
"Campo Seco","Calaveras",7.25,0.0725
"Copperopolis","Calaveras",7.25,0.0725
"Douglas Flat","Calaveras",7.25,0.0725
"Glencoe","Calaveras",7.25,0.0725
"Hathaway Pines","Calaveras",7.25,0.0725
"Mokelumne Hill","Calaveras",7.25,0.0725
"Mountain Ranch","Calaveras",7.25,0.0725
"Murphys","Calaveras",7.25,0.0725
"Rail Road Flat","Calaveras",7.25,0.0725
"San Andreas","Calaveras",7.25,0.0725
"Sheepranch","Calaveras",7.25,0.0725
"Vallecito","Calaveras",7.25,0.0725
"Valley Springs","Calaveras",7.25,0.0725
"Wallace","Calaveras",7.25,0.0725
"West Point","Calaveras",7.25,0.0725
"White Pines","Calaveras",7.25,0.0725
"Wilseyville","Calaveras",7.25,0.0725
"Arbuckle","Colusa",7.25,0.0725
"College City","Colusa",7.25,0.0725
"Colusa*","Colusa",7.25,0.0725
"Deleven","Colusa",7.25,0.0725
"Grimes","Colusa",7.25,0.0725
"Maxwell","Colusa",7.25,0.0725
"Princeton","Colusa",7.25,0.0725
"Sites","Colusa",7.25,0.0725
"Stonyford","Colusa",7.25,0.0725
"Williams*","Colusa",7.75,0.0775
"Alamo","Contra Costa",8.25,0.0825
"Bay Point (formally West Pittsburg)","Contra Costa",8.25,0.0825
"Bethel Island","Contra Costa",8.25,0.0825
"Black Hawk","Contra Costa",8.25,0.0825
"Brentwood*","Contra Costa",8.25,0.0825
"Byron","Contra Costa",8.25,0.0825
"Canyon","Contra Costa",8.25,0.0825
"Clayton*","Contra Costa",8.25,0.0825
"Crockett","Contra Costa",8.25,0.0825
"Danville*","Contra Costa",8.25,0.0825
"Diablo","Contra Costa",8.25,0.0825
"Discovery Bay","Contra Costa",8.25,0.0825
"Dollar Ranch","Contra Costa",8.25,0.0825
"El Sobrante","Contra Costa",8.25,0.0825
"Fairmount","Contra Costa",8.25,0.0825
"Kensington","Contra Costa",8.25,0.0825
"Knightsen","Contra Costa",8.25,0.0825
"Lafayette*","Contra Costa",8.25,0.0825
"Mira Vista","Contra Costa",8.25,0.0825
"Oakley*","Contra Costa",8.25,0.0825
"Pacheco","Contra Costa",8.25,0.0825
"Port Costa","Contra Costa",8.25,0.0825
"Rodeo","Contra Costa",8.25,0.0825
"San Ramon*","Contra Costa",8.25,0.0825
"Selby","Contra Costa",8.25,0.0825
"Shore Acres","Contra Costa",8.25,0.0825
"Walnut Creek*","Contra Costa",8.25,0.0825
"Antioch*","Contra Costa",8.75,0.0875
"Concord*","Contra Costa",8.75,0.0875
"Hercules*","Contra Costa",8.75,0.0875
"Martinez*","Contra Costa",8.75,0.0875
"Orinda*","Contra Costa",8.75,0.0875
"Pittsburg*","Contra Costa",8.75,0.0875
"Pleasant Hill*","Contra Costa",8.75,0.0875
"San Pablo*","Contra Costa",8.75,0.0875
"Moraga*","Contra Costa",9.25,0.0925
"Pinole*","Contra Costa",9.25,0.0925
"Rheem Valley (Moraga*)","Contra Costa",9.25,0.0925
"Richmond*","Contra Costa",9.25,0.0925
"El Cerrito*","Contra Costa",9.75,0.0975
"Crescent City*","Del Norte",7.5,0.075
"Fort Dick","Del Norte",7.5,0.075
"Gasquet","Del Norte",7.5,0.075
"Klamath","Del Norte",7.5,0.075
"Requa","Del Norte",7.5,0.075
"Smith River","Del Norte",7.5,0.075
"Al Tahoe","El Dorado",7.25,0.0725
"Bijou","El Dorado",7.25,0.0725
"Cameron Park","El Dorado",7.25,0.0725
"Camino","El Dorado",7.25,0.0725
"Coloma","El Dorado",7.25,0.0725
"Cool","El Dorado",7.25,0.0725
"Diamond Springs","El Dorado",7.25,0.0725
"Echo Lake","El Dorado",7.25,0.0725
"El Dorado","El Dorado",7.25,0.0725
"El Dorado Hills","El Dorado",7.25,0.0725
"Fallen Leaf","El Dorado",7.25,0.0725
"Garden Valley","El Dorado",7.25,0.0725
"Georgetown","El Dorado",7.25,0.0725
"Greenwood","El Dorado",7.25,0.0725
"Grizzly Flats","El Dorado",7.25,0.0725
"Kelsey","El Dorado",7.25,0.0725
"Kyburz","El Dorado",7.25,0.0725
"Little Norway","El Dorado",7.25,0.0725
"Lotus","El Dorado",7.25,0.0725
"Meeks Bay","El Dorado",7.25,0.0725
"Meyers","El Dorado",7.25,0.0725
"Mt. Aukum","El Dorado",7.25,0.0725
"Nashville","El Dorado",7.25,0.0725
"Omo Ranch","El Dorado",7.25,0.0725
"Pacific House","El Dorado",7.25,0.0725
"Pilot Hill","El Dorado",7.25,0.0725
"Pollock Pines","El Dorado",7.25,0.0725
"Rescue","El Dorado",7.25,0.0725
"Shingle Springs","El Dorado",7.25,0.0725
"Smithflat","El Dorado",7.25,0.0725
"Somerset","El Dorado",7.25,0.0725
"Tahoe Paradise","El Dorado",7.25,0.0725
"Tahoe Valley","El Dorado",7.25,0.0725
"Twin Bridges","El Dorado",7.25,0.0725
"South Lake Tahoe*","El Dorado",7.75,0.0775
"Placerville*","El Dorado",8.25,0.0825
"Auberry","Fresno",7.975,0.07975
"Barton","Fresno",7.975,0.07975
"Big Creek","Fresno",7.975,0.07975
"Biola","Fresno",7.975,0.07975
"Burrel","Fresno",7.975,0.07975
"Calwa","Fresno",7.975,0.07975
"Cantua Creek","Fresno",7.975,0.07975
"Cardwell","Fresno",7.975,0.07975
"Caruthers","Fresno",7.975,0.07975
"Cedar Crest","Fresno",7.975,0.07975
"Clinter","Fresno",7.975,0.07975
"Clovis*","Fresno",7.975,0.07975
"Coalinga*","Fresno",7.975,0.07975
"Del Rey","Fresno",7.975,0.07975
"Dinkey Creek","Fresno",7.975,0.07975
"Dunlap","Fresno",7.975,0.07975
"Easton","Fresno",7.975,0.07975
"Fancher","Fresno",7.975,0.07975
"Fig Garden Village (Fresno*)","Fresno",7.975,0.07975
"Firebaugh*","Fresno",7.975,0.07975
"Five Points","Fresno",7.975,0.07975
"Fowler*","Fresno",7.975,0.07975
"Fresno*","Fresno",7.975,0.07975
"Friant","Fresno",7.975,0.07975
"Helm","Fresno",7.975,0.07975
"Herndon","Fresno",7.975,0.07975
"Highway City (Fresno*)","Fresno",7.975,0.07975
"Hume","Fresno",7.975,0.07975
"Huntington Lake","Fresno",7.975,0.07975
"Kerman*","Fresno",7.975,0.07975
"Kingsburg*","Fresno",7.975,0.07975
"Lakeshore","Fresno",7.975,0.07975
"Laton","Fresno",7.975,0.07975
"Malaga","Fresno",7.975,0.07975
"Mendota*","Fresno",7.975,0.07975
"Miramonte","Fresno",7.975,0.07975
"Mono Hot Springs","Fresno",7.975,0.07975
"Orange Cove*","Fresno",7.975,0.07975
"Parlier*","Fresno",7.975,0.07975
"Piedra","Fresno",7.975,0.07975
"Pinedale (Fresno*)","Fresno",7.975,0.07975
"Prather","Fresno",7.975,0.07975
"Raisin City","Fresno",7.975,0.07975
"Riverdale","Fresno",7.975,0.07975
"San Joaquin*","Fresno",7.975,0.07975
"Shaver Lake","Fresno",7.975,0.07975
"Squaw Valley","Fresno",7.975,0.07975
"Tollhouse","Fresno",7.975,0.07975
"Tranquillity","Fresno",7.975,0.07975
"Reedley*","Fresno",8.475,0.08475
"Selma*","Fresno",8.475,0.08475
"Sanger*","Fresno",8.725,0.08725
"Huron*","Fresno",8.975,0.08975
"Artois","Glenn",7.25,0.0725
"Butte City","Glenn",7.25,0.0725
"Elk Creek","Glenn",7.25,0.0725
"Glenn","Glenn",7.25,0.0725
"Hamilton City","Glenn",7.25,0.0725
"Ordbend","Glenn",7.25,0.0725
"Willows*","Glenn",7.25,0.0725
"Orland*","Glenn",7.75,0.0775
"Alderpoint","Humboldt",7.75,0.0775
"Alton","Humboldt",7.75,0.0775
"Bayside","Humboldt",7.75,0.0775
"Blocksburg","Humboldt",7.75,0.0775
"Blue Lake*","Humboldt",7.75,0.0775
"Briceland","Humboldt",7.75,0.0775
"Bridgeville","Humboldt",7.75,0.0775
"Carlotta","Humboldt",7.75,0.0775
"Crannell","Humboldt",7.75,0.0775
"Cutten","Humboldt",7.75,0.0775
"Ettersburg","Humboldt",7.75,0.0775
"Fernbridge (Fortuna*)","Humboldt",7.75,0.0775
"Ferndale*","Humboldt",7.75,0.0775
"Fields Landing","Humboldt",7.75,0.0775
"Fort Seward","Humboldt",7.75,0.0775
"Freshwater","Humboldt",7.75,0.0775
"Garberville","Humboldt",7.75,0.0775
"Harris","Humboldt",7.75,0.0775
"Holmes","Humboldt",7.75,0.0775
"Honeydew","Humboldt",7.75,0.0775
"Hoopa","Humboldt",7.75,0.0775
"Hydesville","Humboldt",7.75,0.0775
"Kneeland","Humboldt",7.75,0.0775
"Korbel","Humboldt",7.75,0.0775
"Loleta","Humboldt",7.75,0.0775
"McKinleyville","Humboldt",7.75,0.0775
"Miranda","Humboldt",7.75,0.0775
"Myers Flat","Humboldt",7.75,0.0775
"Orick","Humboldt",7.75,0.0775
"Orleans","Humboldt",7.75,0.0775
"Pepperwood","Humboldt",7.75,0.0775
"Petrolia","Humboldt",7.75,0.0775
"Phillipsville","Humboldt",7.75,0.0775
"Redcrest","Humboldt",7.75,0.0775
"Redway","Humboldt",7.75,0.0775
"Richardson Grove","Humboldt",7.75,0.0775
"Rohnerville","Humboldt",7.75,0.0775
"Ruby Valley","Humboldt",7.75,0.0775
"Samoa","Humboldt",7.75,0.0775
"Scotia","Humboldt",7.75,0.0775
"Shively","Humboldt",7.75,0.0775
"South Fork","Humboldt",7.75,0.0775
"Weott","Humboldt",7.75,0.0775
"Westhaven","Humboldt",7.75,0.0775
"Whitethorn","Humboldt",7.75,0.0775
"Whitlow","Humboldt",7.75,0.0775
"Willow Creek","Humboldt",7.75,0.0775
"Arcata*","Humboldt",8.5,0.085
"Eureka*","Humboldt",8.5,0.085
"Fortuna*","Humboldt",8.5,0.085
"Trinidad*","Humboldt",8.5,0.085
"Rio Dell*","Humboldt",8.75,0.0875
"Bard","Imperial",7.75,0.0775
"Bombay Beach","Imperial",7.75,0.0775
"Brawley*","Imperial",7.75,0.0775
"Calipatria*","Imperial",7.75,0.0775
"Heber","Imperial",7.75,0.0775
"Holtville*","Imperial",7.75,0.0775
"Imperial*","Imperial",7.75,0.0775
"Niland","Imperial",7.75,0.0775
"Ocotillo","Imperial",7.75,0.0775
"Palo Verde","Imperial",7.75,0.0775
"Plaster City","Imperial",7.75,0.0775
"Salton City","Imperial",7.75,0.0775
"Seeley","Imperial",7.75,0.0775
"Westmorland*","Imperial",7.75,0.0775
"Winterhaven","Imperial",7.75,0.0775
"Calexico*","Imperial",8.25,0.0825
"El Centro*","Imperial",8.25,0.0825
"Amargosa (Death Valley)","Inyo",7.75,0.0775
"Bartlett","Inyo",7.75,0.0775
"Big Pine","Inyo",7.75,0.0775
"Bishop*","Inyo",7.75,0.0775
"Cartago","Inyo",7.75,0.0775
"Coso Junction","Inyo",7.75,0.0775
"Darwin","Inyo",7.75,0.0775
"Death Valley","Inyo",7.75,0.0775
"Death Valley Junction","Inyo",7.75,0.0775
"Independence","Inyo",7.75,0.0775
"Inyo","Inyo",7.75,0.0775
"Keeler","Inyo",7.75,0.0775
"Laws","Inyo",7.75,0.0775
"Little Lake","Inyo",7.75,0.0775
"Lone Pine","Inyo",7.75,0.0775
"Olancha","Inyo",7.75,0.0775
"Shoshone","Inyo",7.75,0.0775
"Swall Meadows (Bishop*)","Inyo",7.75,0.0775
"Tecopa","Inyo",7.75,0.0775
"Bakersfield*","Kern",7.25,0.0725
"Bodfish","Kern",7.25,0.0725
"Boron","Kern",7.25,0.0725
"Buttonwillow","Kern",7.25,0.0725
"Caliente","Kern",7.25,0.0725
"California City*","Kern",7.25,0.0725
"Cantil","Kern",7.25,0.0725
"Del Kern (Bakersfield*)","Kern",7.25,0.0725
"Di Giorgio","Kern",7.25,0.0725
"Edison","Kern",7.25,0.0725
"Edwards","Kern",7.25,0.0725
"Edwards A.F.B.","Kern",7.25,0.0725
"Fellows","Kern",7.25,0.0725
"Frazier Park","Kern",7.25,0.0725
"Glennville","Kern",7.25,0.0725
"Golden Hills","Kern",7.25,0.0725
"Greenacres","Kern",7.25,0.0725
"Homestead","Kern",7.25,0.0725
"Inyokern","Kern",7.25,0.0725
"Johannesburg","Kern",7.25,0.0725
"Keene","Kern",7.25,0.0725
"Kernville","Kern",7.25,0.0725
"La Cresta Village","Kern",7.25,0.0725
"Lake Isabella","Kern",7.25,0.0725
"Lamont","Kern",7.25,0.0725
"Lebec","Kern",7.25,0.0725
"Lost Hills","Kern",7.25,0.0725
"Maricopa*","Kern",7.25,0.0725
"McFarland*","Kern",7.25,0.0725
"McKittrick","Kern",7.25,0.0725
"Mettler","Kern",7.25,0.0725
"Miracle Hot Springs","Kern",7.25,0.0725
"Mojave","Kern",7.25,0.0725
"Monolith","Kern",7.25,0.0725
"Mountain Mesa","Kern",7.25,0.0725
"North Edwards","Kern",7.25,0.0725
"Oildale","Kern",7.25,0.0725
"Onyx","Kern",7.25,0.0725
"Pond","Kern",7.25,0.0725
"Pumpkin Center","Kern",7.25,0.0725
"Randsburg","Kern",7.25,0.0725
"Rio Bravo (Bakersfield*)","Kern",7.25,0.0725
"Rosamond","Kern",7.25,0.0725
"Shafter*","Kern",7.25,0.0725
"Taft*","Kern",7.25,0.0725
"Tehachapi*","Kern",7.25,0.0725
"Tupman","Kern",7.25,0.0725
"Vista Park","Kern",7.25,0.0725
"Weldon","Kern",7.25,0.0725
"Wheeler Ridge","Kern",7.25,0.0725
"Wofford Heights","Kern",7.25,0.0725
"Woody","Kern",7.25,0.0725
"Arvin*","Kern",8.25,0.0825
"China Lake NWC (Ridgecrest)","Kern",8.25,0.0825
"Delano*","Kern",8.25,0.0825
"Ridgecrest*","Kern",8.25,0.0825
"Wasco*","Kern",8.25,0.0825
"Armona","Kings",7.25,0.0725
"Avenal*","Kings",7.25,0.0725
"Hanford*","Kings",7.25,0.0725
"Kettleman City","Kings",7.25,0.0725
"Lemoore*","Kings",7.25,0.0725
"Naval Air Station (Lemoore*)","Kings",7.25,0.0725
"Stratford","Kings",7.25,0.0725
"Corcoran*","Kings",8.25,0.0825
"Clearlake Oaks","Lake",7.25,0.0725
"Cobb","Lake",7.25,0.0725
"Finley","Lake",7.25,0.0725
"Glenhaven","Lake",7.25,0.0725
"Hobergs","Lake",7.25,0.0725
"Kelseyville","Lake",7.25,0.0725
"Loch Lomond","Lake",7.25,0.0725
"Lower Lake","Lake",7.25,0.0725
"Lucerne","Lake",7.25,0.0725
"Middletown","Lake",7.25,0.0725
"Nice","Lake",7.25,0.0725
"Upper Lake/ Upper Lake Valley","Lake",7.25,0.0725
"Whispering Pines","Lake",7.25,0.0725
"Witter Springs","Lake",7.25,0.0725
"Clearlake Highlands (Clearlake*)","Lake",8.75,0.0875
"Clearlake Park (Clearlake*)","Lake",8.75,0.0875
"Clearlake*","Lake",8.75,0.0875
"Lakeport*","Lake",8.75,0.0875
"Bieber","Lassen",7.25,0.0725
"Doyle","Lassen",7.25,0.0725
"Herlong","Lassen",7.25,0.0725
"Horse Lake","Lassen",7.25,0.0725
"Janesville","Lassen",7.25,0.0725
"Johnstonville","Lassen",7.25,0.0725
"Juniper","Lassen",7.25,0.0725
"Litchfield","Lassen",7.25,0.0725
"Little Valley","Lassen",7.25,0.0725
"Madeline","Lassen",7.25,0.0725
"Milford","Lassen",7.25,0.0725
"Nubieber","Lassen",7.25,0.0725
"Ravendale","Lassen",7.25,0.0725
"Standish","Lassen",7.25,0.0725
"Susanville*","Lassen",7.25,0.0725
"Termo","Lassen",7.25,0.0725
"Wendel","Lassen",7.25,0.0725
"Westwood","Lassen",7.25,0.0725
"Acton","Los Angeles",9.5,0.095
"Agoura","Los Angeles",9.5,0.095
"Agoura Hills*","Los Angeles",9.5,0.095
"Agua Dulce","Los Angeles",9.5,0.095
"Alhambra*","Los Angeles",9.5,0.095
"Almondale","Los Angeles",9.5,0.095
"Alondra","Los Angeles",9.5,0.095
"Altadena","Los Angeles",9.5,0.095
"Antelope Acres","Los Angeles",9.5,0.095
"Arcadia*","Los Angeles",9.5,0.095
"Arleta (Los Angeles*)","Los Angeles",9.5,0.095
"Artesia*","Los Angeles",9.5,0.095
"Athens","Los Angeles",9.5,0.095
"Azusa*","Los Angeles",9.5,0.095
"Bailey","Los Angeles",9.5,0.095
"Baldwin Park*","Los Angeles",9.5,0.095
"Barrington","Los Angeles",9.5,0.095
"Bassett","Los Angeles",9.5,0.095
"Bel Air Estates (Los Angeles*)","Los Angeles",9.5,0.095
"Bell Gardens*","Los Angeles",9.5,0.095
"Bell*","Los Angeles",9.5,0.095
"Bellflower*","Los Angeles",9.5,0.095
"Beverly Hills*","Los Angeles",9.5,0.095
"Bouquet Canyon (Santa Clarita*)","Los Angeles",9.5,0.095
"Bradbury*","Los Angeles",9.5,0.095
"Brents Junction","Los Angeles",9.5,0.095
"Brentwood (Los Angeles*)","Los Angeles",9.5,0.095
"Burbank*","Los Angeles",9.5,0.095
"Cabrillo","Los Angeles",9.5,0.095
"Calabasas Highlands","Los Angeles",9.5,0.095
"Calabasas Park","Los Angeles",9.5,0.095
"Calabasas*","Los Angeles",9.5,0.095
"Canoga Annex","Los Angeles",9.5,0.095
"Canoga Park (Los Angeles*)","Los Angeles",9.5,0.095
"Canyon Country (Santa Clarita*)","Los Angeles",9.5,0.095
"Carson*","Los Angeles",9.5,0.095
"Castaic","Los Angeles",9.5,0.095
"Cedar","Los Angeles",9.5,0.095
"Century City (Los Angeles*)","Los Angeles",9.5,0.095
"Cerritos*","Los Angeles",9.5,0.095
"Charter Oak","Los Angeles",9.5,0.095
"Chatsworth (Los Angeles*)","Los Angeles",9.5,0.095
"City of Industry*","Los Angeles",9.5,0.095
"City Terrace","Los Angeles",9.5,0.095
"Claremont*","Los Angeles",9.5,0.095
"Cole","Los Angeles",9.5,0.095
"Cornell","Los Angeles",9.5,0.095
"Covina*","Los Angeles",9.5,0.095
"Crenshaw (Los Angeles*)","Los Angeles",9.5,0.095
"Cudahy*","Los Angeles",9.5,0.095
"Del Sur","Los Angeles",9.5,0.095
"Diamond Bar*","Los Angeles",9.5,0.095
"Duarte*","Los Angeles",9.5,0.095
"Eagle Rock (Los Angeles*)","Los Angeles",9.5,0.095
"East Los Angeles","Los Angeles",9.5,0.095
"East Rancho Dominguez","Los Angeles",9.5,0.095
"East San Pedro (Los Angeles*)","Los Angeles",9.5,0.095
"Eastgate","Los Angeles",9.5,0.095
"Echo Park (Los Angeles*)","Los Angeles",9.5,0.095
"El Segundo*","Los Angeles",9.5,0.095
"Elizabeth Lake","Los Angeles",9.5,0.095
"Encino (Los Angeles*)","Los Angeles",9.5,0.095
"Flintridge (LaCanada/ Flintridge*)","Los Angeles",9.5,0.095
"Florence","Los Angeles",9.5,0.095
"Forest Park","Los Angeles",9.5,0.095
"Friendly Valley (Santa Clarita*)","Los Angeles",9.5,0.095
"Gardena*","Los Angeles",9.5,0.095
"Glassell Park (Los Angeles*)","Los Angeles",9.5,0.095
"Glendale*","Los Angeles",9.5,0.095
"Glendora*","Los Angeles",9.5,0.095
"Gorman","Los Angeles",9.5,0.095
"Granada Hills (Los Angeles*)","Los Angeles",9.5,0.095
"Green Valley","Los Angeles",9.5,0.095
"Hacienda Heights","Los Angeles",9.5,0.095
"Harbor City (Los Angeles*)","Los Angeles",9.5,0.095
"Hawaiian Gardens*","Los Angeles",9.5,0.095
"Hawthorne*","Los Angeles",9.5,0.095
"Hazard","Los Angeles",9.5,0.095
"Hermosa Beach*","Los Angeles",9.5,0.095
"Hidden Hills*","Los Angeles",9.5,0.095
"Highland Park (Los Angeles*)","Los Angeles",9.5,0.095
"Hollywood (Los Angeles*)","Los Angeles",9.5,0.095
"Honby","Los Angeles",9.5,0.095
"Huntington Park*","Los Angeles",9.5,0.095
"Hyde Park (Los Angeles*)","Los Angeles",9.5,0.095
"Industry*","Los Angeles",9.5,0.095
"Irwindale*","Los Angeles",9.5,0.095
"Kagel Canyon","Los Angeles",9.5,0.095
"L.A. Airport (Los Angeles*)","Los Angeles",9.5,0.095
"La Canada- Flintridge*","Los Angeles",9.5,0.095
"La Crescenta","Los Angeles",9.5,0.095
"La Habra Heights*","Los Angeles",9.5,0.095
"La Puente*","Los Angeles",9.5,0.095
"La Verne*","Los Angeles",9.5,0.095
"La Vina","Los Angeles",9.5,0.095
"Ladera Heights","Los Angeles",9.5,0.095
"Lake Hughes","Los Angeles",9.5,0.095
"Lake Los Angeles","Los Angeles",9.5,0.095
"Lakeview Terrace (Los Angeles*)","Los Angeles",9.5,0.095
"Lakewood*","Los Angeles",9.5,0.095
"Lancaster*","Los Angeles",9.5,0.095
"Lang","Los Angeles",9.5,0.095
"Lawndale*","Los Angeles",9.5,0.095
"Lennox","Los Angeles",9.5,0.095
"Leona Valley","Los Angeles",9.5,0.095
"Lincoln Heights (Los Angeles*)","Los Angeles",9.5,0.095
"Littlerock (Also Little Rock)","Los Angeles",9.5,0.095
"Llano","Los Angeles",9.5,0.095
"Lomita*","Los Angeles",9.5,0.095
"Longview","Los Angeles",9.5,0.095
"Los Angeles*","Los Angeles",9.5,0.095
"Los Nietos","Los Angeles",9.5,0.095
"Lugo","Los Angeles",9.5,0.095
"Maclay","Los Angeles",9.5,0.095
"Malibu*","Los Angeles",9.5,0.095
"Manhattan Beach*","Los Angeles",9.5,0.095
"Mar Vista","Los Angeles",9.5,0.095
"Marcelina","Los Angeles",9.5,0.095
"Marina Del Rey","Los Angeles",9.5,0.095
"Maywood*","Los Angeles",9.5,0.095
"Mint Canyon","Los Angeles",9.5,0.095
"Mission Hills (Los Angeles*)","Los Angeles",9.5,0.095
"Moneta","Los Angeles",9.5,0.095
"Monrovia*","Los Angeles",9.5,0.095
"Montebello*","Los Angeles",9.5,0.095
"Monterey Park*","Los Angeles",9.5,0.095
"Montrose","Los Angeles",9.5,0.095
"Mount Wilson","Los Angeles",9.5,0.095
"Naples","Los Angeles",9.5,0.095
"Newhall (Santa Clarita*)","Los Angeles",9.5,0.095
"North Gardena","Los Angeles",9.5,0.095
"North Hills (Los Angeles*)","Los Angeles",9.5,0.095
"North Hollywood (Los Angeles*)","Los Angeles",9.5,0.095
"Northridge (Los Angeles*)","Los Angeles",9.5,0.095
"Norwalk*","Los Angeles",9.5,0.095
"Oban","Los Angeles",9.5,0.095
"Olive View (Los Angeles*)","Los Angeles",9.5,0.095
"Pacific Palisades (Los Angeles*)","Los Angeles",9.5,0.095
"Pacoima (Los Angeles*)","Los Angeles",9.5,0.095
"Pallett","Los Angeles",9.5,0.095
"Palmdale*","Los Angeles",9.5,0.095
"Palos Verdes Estates*","Los Angeles",9.5,0.095
"Palos Verdes/Peninsula","Los Angeles",9.5,0.095
"Panorama City (Los Angeles*)","Los Angeles",9.5,0.095
"Paramount*","Los Angeles",9.5,0.095
"Pasadena*","Los Angeles",9.5,0.095
"Pearblossom","Los Angeles",9.5,0.095
"Pearland","Los Angeles",9.5,0.095
"Perry (Whittier*)","Los Angeles",9.5,0.095
"Pinetree","Los Angeles",9.5,0.095
"Playa Del Rey (Los Angeles*)","Los Angeles",9.5,0.095
"Pomona*","Los Angeles",9.5,0.095
"Porter Ranch (Los Angeles*)","Los Angeles",9.5,0.095
"Portuguese Bend (Rancho Palos Verdes*)","Los Angeles",9.5,0.095
"Pt. Dume","Los Angeles",9.5,0.095
"Quartz Hill","Los Angeles",9.5,0.095
"Rancho Dominguez","Los Angeles",9.5,0.095
"Rancho Palos Verdes*","Los Angeles",9.5,0.095
"Rancho Park (Los Angeles*)","Los Angeles",9.5,0.095
"Ravenna","Los Angeles",9.5,0.095
"Redondo Beach*","Los Angeles",9.5,0.095
"Reseda (Los Angeles*)","Los Angeles",9.5,0.095
"Rimpau (Los Angeles*)","Los Angeles",9.5,0.095
"Rolling Hills Estates*","Los Angeles",9.5,0.095
"Rolling Hills*","Los Angeles",9.5,0.095
"Rose Bowl (Pasadena*)","Los Angeles",9.5,0.095
"Rosemead*","Los Angeles",9.5,0.095
"Rowland Heights","Los Angeles",9.5,0.095
"San Dimas*","Los Angeles",9.5,0.095
"San Gabriel*","Los Angeles",9.5,0.095
"San Marino*","Los Angeles",9.5,0.095
"San Pedro (Los Angeles*)","Los Angeles",9.5,0.095
"Santa Clarita*","Los Angeles",9.5,0.095
"Santa Fe Springs*","Los Angeles",9.5,0.095
"Saugus (Santa Clarita*)","Los Angeles",9.5,0.095
"Sawtelle (Los Angeles*)","Los Angeles",9.5,0.095
"Seminole Hot Springs","Los Angeles",9.5,0.095
"Sepulveda (Los Angeles*)","Los Angeles",9.5,0.095
"Shadow Hills (Los Angeles*)","Los Angeles",9.5,0.095
"Sherman Oaks (Los Angeles*)","Los Angeles",9.5,0.095
"Sierra Madre*","Los Angeles",9.5,0.095
"Signal Hill*","Los Angeles",9.5,0.095
"Sleepy Valley","Los Angeles",9.5,0.095
"Solemint","Los Angeles",9.5,0.095
"South Pasadena*","Los Angeles",9.5,0.095
"South Whittier","Los Angeles",9.5,0.095
"Stevenson Ranch","Los Angeles",9.5,0.095
"Studio City (Los Angeles*)","Los Angeles",9.5,0.095
"Sulphur Springs","Los Angeles",9.5,0.095
"Sun Valley (Los Angeles*)","Los Angeles",9.5,0.095
"Sunland (Los Angeles*)","Los Angeles",9.5,0.095
"Sylmar (Los Angeles*)","Los Angeles",9.5,0.095
"Tarzana (Los Angeles*)","Los Angeles",9.5,0.095
"Temple City*","Los Angeles",9.5,0.095
"Terminal Island (Los Angeles*)","Los Angeles",9.5,0.095
"Toluca Lake (Los Angeles*)","Los Angeles",9.5,0.095
"Topanga","Los Angeles",9.5,0.095
"Topanga Park","Los Angeles",9.5,0.095
"Torrance*","Los Angeles",9.5,0.095
"Tujunga (Los Angeles*)","Los Angeles",9.5,0.095
"Universal City","Los Angeles",9.5,0.095
"Val Verde Park","Los Angeles",9.5,0.095
"Valencia (Santa Clarita*)","Los Angeles",9.5,0.095
"Valinda","Los Angeles",9.5,0.095
"Valley Village","Los Angeles",9.5,0.095
"Valyermo","Los Angeles",9.5,0.095
"Van Nuys (Los Angeles*)","Los Angeles",9.5,0.095
"Vasquez Rocks","Los Angeles",9.5,0.095
"Venice (Los Angeles*)","Los Angeles",9.5,0.095
"Verdugo City (Glendale*)","Los Angeles",9.5,0.095
"Vernon*","Los Angeles",9.5,0.095
"Veteran's Hospital (Los Angeles*)","Los Angeles",9.5,0.095
"View Park*","Los Angeles",9.5,0.095
"Vincent","Los Angeles",9.5,0.095
"Walnut Park","Los Angeles",9.5,0.095
"Walnut*","Los Angeles",9.5,0.095
"Watts","Los Angeles",9.5,0.095
"West Covina*","Los Angeles",9.5,0.095
"West Hills (Los Angeles*)","Los Angeles",9.5,0.095
"West Hollywood*","Los Angeles",9.5,0.095
"West Los Angeles (Los Angeles*)","Los Angeles",9.5,0.095
"Westchester (Los Angeles*)","Los Angeles",9.5,0.095
"Westlake (Los Angeles*)","Los Angeles",9.5,0.095
"Westlake Village*","Los Angeles",9.5,0.095
"Westwood (Los Angeles*)","Los Angeles",9.5,0.095
"Whittier*","Los Angeles",9.5,0.095
"Willowbrook","Los Angeles",9.5,0.095
"Wilmington (Los Angeles*)","Los Angeles",9.5,0.095
"Wilsona Gardens","Los Angeles",9.5,0.095
"Windsor Hills","Los Angeles",9.5,0.095
"Winnetka (Los Angeles*)","Los Angeles",9.5,0.095
"Woodland Hills (Los Angeles*)","Los Angeles",9.5,0.095
"Avalon*","Los Angeles",10,0.1
"City of Commerce*","Los Angeles",10,0.1
"Commerce*","Los Angeles",10,0.1
"Culver City*","Los Angeles",10,0.1
"Downey*","Los Angeles",10,0.1
"El Monte*","Los Angeles",10,0.1
"Inglewood*","Los Angeles",10,0.1
"San Fernando*","Los Angeles",10,0.1
"South El Monte*","Los Angeles",10,0.1
"Biola College (La Mirada*)","Los Angeles",10.25,0.1025
"Compton*","Los Angeles",10.25,0.1025
"East Lynwood (Lynwood*)","Los Angeles",10.25,0.1025
"La Mirada*","Los Angeles",10.25,0.1025
"Long Beach*","Los Angeles",10.25,0.1025
"Lynwood*","Los Angeles",10.25,0.1025
"Pico Rivera*","Los Angeles",10.25,0.1025
"Santa Monica*","Los Angeles",10.25,0.1025
"South Gate*","Los Angeles",10.25,0.1025
"Ahwahnee","Madera",7.75,0.0775
"Bass Lake","Madera",7.75,0.0775
"Chowchilla*","Madera",7.75,0.0775
"Coarsegold","Madera",7.75,0.0775
"North Fork","Madera",7.75,0.0775
"Oakhurst","Madera",7.75,0.0775
"O'Neals","Madera",7.75,0.0775
"Raymond","Madera",7.75,0.0775
"Red Top","Madera",7.75,0.0775
"Wishon","Madera",7.75,0.0775
"Madera*","Madera",8.25,0.0825
"Belvedere*","Marin",8.25,0.0825
"Bolinas","Marin",8.25,0.0825
"Dillon Beach","Marin",8.25,0.0825
"Dogtown","Marin",8.25,0.0825
"Fallon","Marin",8.25,0.0825
"Forest Knolls","Marin",8.25,0.0825
"Inverness","Marin",8.25,0.0825
"Kentfield","Marin",8.25,0.0825
"Lagunitas","Marin",8.25,0.0825
"Marin City","Marin",8.25,0.0825
"Marshall","Marin",8.25,0.0825
"Mill Valley*","Marin",8.25,0.0825
"Nicasio","Marin",8.25,0.0825
"Olema","Marin",8.25,0.0825
"Point Reyes Station","Marin",8.25,0.0825
"Ross*","Marin",8.25,0.0825
"San Geronimo","Marin",8.25,0.0825
"San Quentin","Marin",8.25,0.0825
"Stinson Beach","Marin",8.25,0.0825
"Tamal (San Quentin)","Marin",8.25,0.0825
"Tiburon*","Marin",8.25,0.0825
"Tomales","Marin",8.25,0.0825
"Woodacre","Marin",8.25,0.0825
"Hamilton A.F.B. (Novato*)","Marin",8.5,0.085
"Ignacio (Novato*)","Marin",8.5,0.085
"Novato*","Marin",8.5,0.085
"Corte Madera*","Marin",8.75,0.0875
"Greenbrae (Larkspur*)","Marin",8.75,0.0875
"Larkspur*","Marin",8.75,0.0875
"San Anselmo*","Marin",8.75,0.0875
"Sausalito*","Marin",8.75,0.0875
"Fairfax*","Marin",9,0.09
"San Rafael*","Marin",9,0.09
"Bear Valley","Mariposa",7.75,0.0775
"Bridgeport","Mariposa",7.75,0.0775
"Camp Curry","Mariposa",7.75,0.0775
"Catheys Valley","Mariposa",7.75,0.0775
"Colorado","Mariposa",7.75,0.0775
"Coulterville","Mariposa",7.75,0.0775
"Curry Village","Mariposa",7.75,0.0775
"El Portal","Mariposa",7.75,0.0775
"Fish Camp","Mariposa",7.75,0.0775
"Hornitos","Mariposa",7.75,0.0775
"Mariposa","Mariposa",7.75,0.0775
"Midpines","Mariposa",7.75,0.0775
"Tuolumne Meadows","Mariposa",7.75,0.0775
"Wawona","Mariposa",7.75,0.0775
"Yosemite Lodge","Mariposa",7.75,0.0775
"Yosemite National Park","Mariposa",7.75,0.0775
"Albion","Mendocino",7.375,0.07375
"Boonville","Mendocino",7.375,0.07375
"Branscomb","Mendocino",7.375,0.07375
"Calpella","Mendocino",7.375,0.07375
"Caspar","Mendocino",7.375,0.07375
"Comptche","Mendocino",7.375,0.07375
"Covelo","Mendocino",7.375,0.07375
"Cummings","Mendocino",7.375,0.07375
"Dos Rios","Mendocino",7.375,0.07375
"Elk","Mendocino",7.375,0.07375
"Gualala","Mendocino",7.375,0.07375
"Hopland","Mendocino",7.375,0.07375
"Laytonville","Mendocino",7.375,0.07375
"Leggett","Mendocino",7.375,0.07375
"Littleriver","Mendocino",7.375,0.07375
"Mendocino","Mendocino",7.375,0.07375
"Navarro","Mendocino",7.375,0.07375
"Philo","Mendocino",7.375,0.07375
"Piercy","Mendocino",7.375,0.07375
"Potter Valley","Mendocino",7.375,0.07375
"Redwood Valley","Mendocino",7.375,0.07375
"Spyrock","Mendocino",7.375,0.07375
"Talmage","Mendocino",7.375,0.07375
"Westport","Mendocino",7.375,0.07375
"Yorkville","Mendocino",7.375,0.07375
"Point Arena*","Mendocino",7.875,0.07875
"Willits*","Mendocino",7.875,0.07875
"Fort Bragg*","Mendocino",8.375,0.08375
"Ukiah*","Mendocino",8.375,0.08375
"Ballico","Merced",7.75,0.0775
"Castle A.F.B.","Merced",7.75,0.0775
"Cressey","Merced",7.75,0.0775
"Delhi","Merced",7.75,0.0775
"Dos Palos*","Merced",7.75,0.0775
"El Nido","Merced",7.75,0.0775
"Hilmar","Merced",7.75,0.0775
"Le Grand (Also Legrand)","Merced",7.75,0.0775
"Livingston*","Merced",7.75,0.0775
"Planada","Merced",7.75,0.0775
"Santa Nella","Merced",7.75,0.0775
"Santa Rita Park","Merced",7.75,0.0775
"Snelling","Merced",7.75,0.0775
"South Dos Palos","Merced",7.75,0.0775
"Stevinson","Merced",7.75,0.0775
"Volta","Merced",7.75,0.0775
"Winton","Merced",7.75,0.0775
"Atwater*","Merced",8.25,0.0825
"Gustine*","Merced",8.25,0.0825
"Los Banos*","Merced",8.25,0.0825
"Merced*","Merced",8.25,0.0825
"Adin","Modoc",7.25,0.0725
"Alturas*","Modoc",7.25,0.0725
"Canby","Modoc",7.25,0.0725
"Cedarville","Modoc",7.25,0.0725
"Davis Creek","Modoc",7.25,0.0725
"Eagleville","Modoc",7.25,0.0725
"Fort Bidwell","Modoc",7.25,0.0725
"Lake City","Modoc",7.25,0.0725
"Likely","Modoc",7.25,0.0725
"Lookout","Modoc",7.25,0.0725
"Willow Ranch","Modoc",7.25,0.0725
"Benton","Mono",7.25,0.0725
"Bridgeport","Mono",7.25,0.0725
"Coleville","Mono",7.25,0.0725
"Crowley Lake","Mono",7.25,0.0725
"June Lake","Mono",7.25,0.0725
"Lake Mary","Mono",7.25,0.0725
"Lee Vining","Mono",7.25,0.0725
"Mono Lake","Mono",7.25,0.0725
"Sherwin Plaza","Mono",7.25,0.0725
"Toms Place","Mono",7.25,0.0725
"Topaz","Mono",7.25,0.0725
"Mammoth Lakes*","Mono",7.75,0.0775
"Aromas","Monterey",7.75,0.0775
"Big Sur","Monterey",7.75,0.0775
"Bradley","Monterey",7.75,0.0775
"Camp Roberts","Monterey",7.75,0.0775
"Carmel Rancho","Monterey",7.75,0.0775
"Carmel Valley","Monterey",7.75,0.0775
"Castroville","Monterey",7.75,0.0775
"Chualar","Monterey",7.75,0.0775
"Fort Ord","Monterey",7.75,0.0775
"Jolon","Monterey",7.75,0.0775
"Lockwood","Monterey",7.75,0.0775
"Lucia","Monterey",7.75,0.0775
"Moss Landing","Monterey",7.75,0.0775
"Pajaro","Monterey",7.75,0.0775
"Parkfield","Monterey",7.75,0.0775
"Pebble Beach","Monterey",7.75,0.0775
"Priest Valley","Monterey",7.75,0.0775
"Prunedale","Monterey",7.75,0.0775
"Royal Oaks","Monterey",7.75,0.0775
"San Ardo","Monterey",7.75,0.0775
"San Lucas","Monterey",7.75,0.0775
"Spreckels","Monterey",7.75,0.0775
"Gonzales*","Monterey",8.25,0.0825
"King City*","Monterey",8.25,0.0825
"Carmel*","Monterey",8.75,0.0875
"Del Monte Grove (Monterey*)","Monterey",8.75,0.0875
"Fort Ord (Marina*)","Monterey",8.75,0.0875
"Marina*","Monterey",8.75,0.0875
"Monterey*","Monterey",8.75,0.0875
"Pacific Grove*","Monterey",8.75,0.0875
"Presidio of Monterey (Monterey*)","Monterey",8.75,0.0875
"Sand City*","Monterey",8.75,0.0875
"Soledad*","Monterey",8.75,0.0875
"U.S. Naval Postgrad School (Monterey*)","Monterey",8.75,0.0875
"Del Rey Oaks*","Monterey",9.25,0.0925
"Fort Ord (Seaside*)","Monterey",9.25,0.0925
"Salinas*","Monterey",9.25,0.0925
"Seaside*","Monterey",9.25,0.0925
"Greenfield*","Monterey",9.5,0.095
"American Canyon*","Napa",7.75,0.0775
"Angwin","Napa",7.75,0.0775
"Calistoga*","Napa",7.75,0.0775
"Deer Park","Napa",7.75,0.0775
"Imola (Napa*)","Napa",7.75,0.0775
"Napa*","Napa",7.75,0.0775
"Oakville","Napa",7.75,0.0775
"Pope Valley","Napa",7.75,0.0775
"Rutherford","Napa",7.75,0.0775
"Spanish Flat","Napa",7.75,0.0775
"Steele Park","Napa",7.75,0.0775
"Yountville*","Napa",7.75,0.0775
"Saint Helena*","Napa",8.25,0.0825
"St. Helena*","Napa",8.25,0.0825
"Cedar Ridge","Nevada",7.5,0.075
"Chicago Park","Nevada",7.5,0.075
"Floriston","Nevada",7.5,0.075
"Lake City","Nevada",7.5,0.075
"Norden","Nevada",7.5,0.075
"North San Juan","Nevada",7.5,0.075
"Penn Valley","Nevada",7.5,0.075
"Rough and Ready","Nevada",7.5,0.075
"Soda Springs","Nevada",7.5,0.075
"Grass Valley*","Nevada",8,0.08
"Truckee*","Nevada",8.25,0.0825
"Nevada City*","Nevada",8.75,0.0875
"Aliso Viejo*","Orange",7.75,0.0775
"Anaheim*","Orange",7.75,0.0775
"Atwood","Orange",7.75,0.0775
"Balboa (Newport Beach*)","Orange",7.75,0.0775
"Balboa Island (Newport Beach*)","Orange",7.75,0.0775
"Ballroad","Orange",7.75,0.0775
"Bolsa","Orange",7.75,0.0775
"Brea*","Orange",7.75,0.0775
"Brookhurst Center","Orange",7.75,0.0775
"Buena Park*","Orange",7.75,0.0775
"Capistrano Beach (Dana Point*)","Orange",7.75,0.0775
"Corona Del Mar (Newport Beach*)","Orange",7.75,0.0775
"Costa Mesa*","Orange",7.75,0.0775
"Coto De Caza","Orange",7.75,0.0775
"Cowan Heights","Orange",7.75,0.0775
"Dana Point*","Orange",7.75,0.0775
"East Irvine (Irvine*)","Orange",7.75,0.0775
"El Modena","Orange",7.75,0.0775
"El Toro (Lake Forest*)","Orange",7.75,0.0775
"El Toro M.C.A.S.","Orange",7.75,0.0775
"Foothill Ranch","Orange",7.75,0.0775
"Fullerton*","Orange",7.75,0.0775
"Garden Grove*","Orange",7.75,0.0775
"Huntington","Orange",7.75,0.0775
"Huntington Beach*","Orange",7.75,0.0775
"Irvine*","Orange",7.75,0.0775
"Ladera Ranch","Orange",7.75,0.0775
"Laguna Beach*","Orange",7.75,0.0775
"Laguna Hills*","Orange",7.75,0.0775
"Laguna Niguel*","Orange",7.75,0.0775
"Laguna Woods*","Orange",7.75,0.0775
"Lake Forest*","Orange",7.75,0.0775
"Leisure World","Orange",7.75,0.0775
"Leisure World (Seal Beach*)","Orange",7.75,0.0775
"Los Alamitos*","Orange",7.75,0.0775
"Mariner","Orange",7.75,0.0775
"Midway City","Orange",7.75,0.0775
"Mission Viejo*","Orange",7.75,0.0775
"Monarch Beach (Dana Point*)","Orange",7.75,0.0775
"Newport Beach*","Orange",7.75,0.0775
"Orange*","Orange",7.75,0.0775
"Placentia*","Orange",7.75,0.0775
"Rancho Santa Margarita*","Orange",7.75,0.0775
"Rossmoor","Orange",7.75,0.0775
"San Clemente*","Orange",7.75,0.0775
"San Juan Capistrano*","Orange",7.75,0.0775
"San Juan Plaza (San Juan Capistrano*)","Orange",7.75,0.0775
"Santa Ana*","Orange",7.75,0.0775
"Seal Beach*","Orange",7.75,0.0775
"Silverado Canyon","Orange",7.75,0.0775
"South Laguna (Laguna Beach*)","Orange",7.75,0.0775
"Sunset Beach","Orange",7.75,0.0775
"Surfside (Seal Beach*)","Orange",7.75,0.0775
"Trabuco Canyon","Orange",7.75,0.0775
"Tustin*","Orange",7.75,0.0775
"University Park (Irvine*)","Orange",7.75,0.0775
"Villa Park*","Orange",7.75,0.0775
"Yorba Linda*","Orange",7.75,0.0775
"La Habra*","Orange",8.25,0.0825
"Fountain Valley*","Orange",8.75,0.0875
"La Palma*","Orange",8.75,0.0875
"Stanton*","Orange",8.75,0.0875
"Westminster*","Orange",8.75,0.0875
"Cypress*","Orange ",7.75,0.0775
"Alta","Placer",7.25,0.0725
"Applegate","Placer",7.25,0.0725
"Auburn*","Placer",7.25,0.0725
"Baxter","Placer",7.25,0.0725
"Bowman","Placer",7.25,0.0725
"Carnelian Bay","Placer",7.25,0.0725
"Chambers Lodge","Placer",7.25,0.0725
"Colfax*","Placer",7.25,0.0725
"Dutch Flat","Placer",7.25,0.0725
"Emigrant Gap","Placer",7.25,0.0725
"Foresthill","Placer",7.25,0.0725
"Gold Run","Placer",7.25,0.0725
"Granite Bay","Placer",7.25,0.0725
"Homewood","Placer",7.25,0.0725
"Iowa Hill","Placer",7.25,0.0725
"Kings Beach","Placer",7.25,0.0725
"Lincoln*","Placer",7.25,0.0725
"Meadow Vista","Placer",7.25,0.0725
"Newcastle","Placer",7.25,0.0725
"Olympic Valley","Placer",7.25,0.0725
"Penryn","Placer",7.25,0.0725
"Rocklin*","Placer",7.25,0.0725
"Roseville*","Placer",7.25,0.0725
"Sheridan","Placer",7.25,0.0725
"Sunset Whitney Ranch","Placer",7.25,0.0725
"Tahoe City","Placer",7.25,0.0725
"Tahoe Vista","Placer",7.25,0.0725
"Tahoma","Placer",7.25,0.0725
"Weimar","Placer",7.25,0.0725
"Loomis*","Placer",7.5,0.075
"Almanor","Plumas",7.25,0.0725
"Beckwourth","Plumas",7.25,0.0725
"Belden","Plumas",7.25,0.0725
"Blairsden","Plumas",7.25,0.0725
"Canyondam","Plumas",7.25,0.0725
"Chester","Plumas",7.25,0.0725
"Chilcoot","Plumas",7.25,0.0725
"Clio","Plumas",7.25,0.0725
"Crescent Mills","Plumas",7.25,0.0725
"Cromberg","Plumas",7.25,0.0725
"Graeagle","Plumas",7.25,0.0725
"Greenville","Plumas",7.25,0.0725
"Keddie","Plumas",7.25,0.0725
"La Porte","Plumas",7.25,0.0725
"Meadow Valley","Plumas",7.25,0.0725
"Peninsula Village","Plumas",7.25,0.0725
"Portola*","Plumas",7.25,0.0725
"Quincy","Plumas",7.25,0.0725
"Sloat","Plumas",7.25,0.0725
"Spring Garden","Plumas",7.25,0.0725
"Storrie","Plumas",7.25,0.0725
"Taylorsville","Plumas",7.25,0.0725
"Twain","Plumas",7.25,0.0725
"Vinton","Plumas",7.25,0.0725
"Virgilia","Plumas",7.25,0.0725
"Aguanga","Riverside",7.75,0.0775
"Alberhill (Lake Elsinore*)","Riverside",7.75,0.0775
"Anza","Riverside",7.75,0.0775
"Banning*","Riverside",7.75,0.0775
"Beaumont*","Riverside",7.75,0.0775
"Bermuda Dunes","Riverside",7.75,0.0775
"Blythe*","Riverside",7.75,0.0775
"Cabazon","Riverside",7.75,0.0775
"Calimesa*","Riverside",7.75,0.0775
"Canyon Lake*","Riverside",7.75,0.0775
"Cherry Valley","Riverside",7.75,0.0775
"Chiriaco Summit","Riverside",7.75,0.0775
"Corona*","Riverside",7.75,0.0775
"Desert Center","Riverside",7.75,0.0775
"Desert Hot Springs*","Riverside",7.75,0.0775
"Eagle Mountain","Riverside",7.75,0.0775
"Eastvale*","Riverside",7.75,0.0775
"Edgemont (Moreno Valley*)","Riverside",7.75,0.0775
"Frontera","Riverside",7.75,0.0775
"Garnet","Riverside",7.75,0.0775
"Gillman Hot Springs","Riverside",7.75,0.0775
"Glen Avon","Riverside",7.75,0.0775
"Highgrove","Riverside",7.75,0.0775
"Homeland","Riverside",7.75,0.0775
"Homestead","Riverside",7.75,0.0775
"Idyllwild","Riverside",7.75,0.0775
"Indian Wells*","Riverside",7.75,0.0775
"Jurupa Valley*","Riverside",7.75,0.0775
"Lake Elsinore*","Riverside",7.75,0.0775
"Lakeview","Riverside",7.75,0.0775
"Lost Lake","Riverside",7.75,0.0775
"March A.F.B.","Riverside",7.75,0.0775
"Mead Valley","Riverside",7.75,0.0775
"Meadowbrook","Riverside",7.75,0.0775
"Mecca","Riverside",7.75,0.0775
"Midland","Riverside",7.75,0.0775
"Mira Loma","Riverside",7.75,0.0775
"Moreno Valley*","Riverside",7.75,0.0775
"Mountain Center","Riverside",7.75,0.0775
"Murrieta*","Riverside",7.75,0.0775
"Norco*","Riverside",7.75,0.0775
"North Palm Springs","Riverside",7.75,0.0775
"North Shore","Riverside",7.75,0.0775
"Nuevo","Riverside",7.75,0.0775
"Oasis","Riverside",7.75,0.0775
"Palm City","Riverside",7.75,0.0775
"Palm Desert*","Riverside",7.75,0.0775
"Pedley","Riverside",7.75,0.0775
"Perris*","Riverside",7.75,0.0775
"Rancho California","Riverside",7.75,0.0775
"Rancho Mirage*","Riverside",7.75,0.0775
"Ripley","Riverside",7.75,0.0775
"Rubidoux","Riverside",7.75,0.0775
"San Jacinto*","Riverside",7.75,0.0775
"Sky Valley","Riverside",7.75,0.0775
"Sunnymead (Moreno Valley*)","Riverside",7.75,0.0775
"Thermal","Riverside",7.75,0.0775
"Thousand Palms","Riverside",7.75,0.0775
"Whitewater","Riverside",7.75,0.0775
"Wildomar*","Riverside",7.75,0.0775
"Winchester","Riverside",7.75,0.0775
"Arlington (Riverside*)","Riverside",8.75,0.0875
"Cathedral City*","Riverside",8.75,0.0875
"Coachella*","Riverside",8.75,0.0875
"Hemet*","Riverside",8.75,0.0875
"Indio*","Riverside",8.75,0.0875
"La Quinta*","Riverside",8.75,0.0875
"Menifee*","Riverside",8.75,0.0875
"Palm Springs*","Riverside",8.75,0.0875
"Quail Valley (Menifee*)","Riverside",8.75,0.0875
"Riverside*","Riverside",8.75,0.0875
"Romoland (Menifee*)","Riverside",8.75,0.0875
"Smoke Tree (Palm Springs*)","Riverside",8.75,0.0875
"Sun City (Menifee*)","Riverside",8.75,0.0875
"Temecula*","Riverside",8.75,0.0875
"Antelope","Sacramento",7.75,0.0775
"Carmichael","Sacramento",7.75,0.0775
"Citrus Heights*","Sacramento",7.75,0.0775
"Courtland","Sacramento",7.75,0.0775
"Elk Grove*","Sacramento",7.75,0.0775
"Elverta","Sacramento",7.75,0.0775
"Fair Oaks","Sacramento",7.75,0.0775
"Folsom*","Sacramento",7.75,0.0775
"Freeport","Sacramento",7.75,0.0775
"Gold River","Sacramento",7.75,0.0775
"Herald","Sacramento",7.75,0.0775
"Hood","Sacramento",7.75,0.0775
"Locke","Sacramento",7.75,0.0775
"Mather ","Sacramento",7.75,0.0775
"McClellan","Sacramento",7.75,0.0775
"North Highlands","Sacramento",7.75,0.0775
"Orangevale","Sacramento",7.75,0.0775
"Rancho Murieta","Sacramento",7.75,0.0775
"Represa (Folsom Prison)","Sacramento",7.75,0.0775
"Rio Linda","Sacramento",7.75,0.0775
"Ryde","Sacramento",7.75,0.0775
"Sherman Island","Sacramento",7.75,0.0775
"Sloughhouse","Sacramento",7.75,0.0775
"Walnut Grove","Sacramento",7.75,0.0775
"Wilton","Sacramento",7.75,0.0775
"Galt*","Sacramento",8.25,0.0825
"Rancho Cordova *","Sacramento",8.25,0.0825
"Sacramento*","Sacramento",8.25,0.0825
"Isleton*","Sacramento",8.75,0.0875
"Idria","San Benito",7.25,0.0725
"New Idria","San Benito",7.25,0.0725
"Paicines","San Benito",7.25,0.0725
"San Benito","San Benito",7.25,0.0725
"Tres Pinos","San Benito",7.25,0.0725
"San Juan Bautista*","San Benito",8,0.08
"Hollister*","San Benito",8.25,0.0825
"Adelanto*","San Bernardino",7.75,0.0775
"Alta Loma (Rancho Cucamonga*)","San Bernardino",7.75,0.0775
"Amboy","San Bernardino",7.75,0.0775
"Angelus Oaks","San Bernardino",7.75,0.0775
"Apple Valley*","San Bernardino",7.75,0.0775
"Argus","San Bernardino",7.75,0.0775
"Arrowbear Lake","San Bernardino",7.75,0.0775
"Arrowhead Highlands","San Bernardino",7.75,0.0775
"Baker","San Bernardino",7.75,0.0775
"Barstow*","San Bernardino",7.75,0.0775
"Base Line","San Bernardino",7.75,0.0775
"Big Bear City","San Bernardino",7.75,0.0775
"Big Bear Lake*","San Bernardino",7.75,0.0775
"Big River","San Bernardino",7.75,0.0775
"Bloomington","San Bernardino",7.75,0.0775
"Blue Jay","San Bernardino",7.75,0.0775
"Bryn Mawr","San Bernardino",7.75,0.0775
"Cadiz","San Bernardino",7.75,0.0775
"Cedar Glen","San Bernardino",7.75,0.0775
"Cedarpines Park","San Bernardino",7.75,0.0775
"Chino Hills*","San Bernardino",7.75,0.0775
"Chino*","San Bernardino",7.75,0.0775
"Cima","San Bernardino",7.75,0.0775
"Colton*","San Bernardino",7.75,0.0775
"Crest Park","San Bernardino",7.75,0.0775
"Crestline","San Bernardino",7.75,0.0775
"Cross Roads","San Bernardino",7.75,0.0775
"Cucamonga (Rancho Cucamonga*)","San Bernardino",7.75,0.0775
"Daggett","San Bernardino",7.75,0.0775
"Del Rosa","San Bernardino",7.75,0.0775
"Earp","San Bernardino",7.75,0.0775
"East Highlands (Highland*)","San Bernardino",7.75,0.0775
"Eastside","San Bernardino",7.75,0.0775
"Essex","San Bernardino",7.75,0.0775
"Etiwanda (Rancho Cucamonga*)","San Bernardino",7.75,0.0775
"Fawnskin","San Bernardino",7.75,0.0775
"Fenner","San Bernardino",7.75,0.0775
"Fontana*","San Bernardino",7.75,0.0775
"Forest Falls","San Bernardino",7.75,0.0775
"Fort Irwin","San Bernardino",7.75,0.0775
"George A.F.B.","San Bernardino",7.75,0.0775
"Grand Terrace*","San Bernardino",7.75,0.0775
"Green Valley Lake","San Bernardino",7.75,0.0775
"Guasti (Ontario*)","San Bernardino",7.75,0.0775
"Havasu Lake","San Bernardino",7.75,0.0775
"Helendale","San Bernardino",7.75,0.0775
"Hesperia*","San Bernardino",7.75,0.0775
"Highland*","San Bernardino",7.75,0.0775
"Hinkley","San Bernardino",7.75,0.0775
"Ivanpah","San Bernardino",7.75,0.0775
"Joshua Tree","San Bernardino",7.75,0.0775
"Kelso","San Bernardino",7.75,0.0775
"Lake Arrowhead","San Bernardino",7.75,0.0775
"Landers","San Bernardino",7.75,0.0775
"Lenwood","San Bernardino",7.75,0.0775
"Loma Linda*","San Bernardino",7.75,0.0775
"Los Serranos (Chino Hills*)","San Bernardino",7.75,0.0775
"Lucerne Valley","San Bernardino",7.75,0.0775
"Ludlow","San Bernardino",7.75,0.0775
"Lytle Creek","San Bernardino",7.75,0.0775
"Marine Corps (Twentynine Palms*)","San Bernardino",7.75,0.0775
"Mentone","San Bernardino",7.75,0.0775
"Moonridge","San Bernardino",7.75,0.0775
"Morongo Valley","San Bernardino",7.75,0.0775
"Mountain Pass","San Bernardino",7.75,0.0775
"Mt. Baldy","San Bernardino",7.75,0.0775
"Muscoy","San Bernardino",7.75,0.0775
"Needles*","San Bernardino",7.75,0.0775
"Newberry","San Bernardino",7.75,0.0775
"Newberry Springs","San Bernardino",7.75,0.0775
"Nipton","San Bernardino",7.75,0.0775
"Ontario*","San Bernardino",7.75,0.0775
"Oro Grande","San Bernardino",7.75,0.0775
"Parker Dam","San Bernardino",7.75,0.0775
"Patton","San Bernardino",7.75,0.0775
"Phelan","San Bernardino",7.75,0.0775
"Pinon Hills","San Bernardino",7.75,0.0775
"Pioneertown","San Bernardino",7.75,0.0775
"Rancho Cucamonga*","San Bernardino",7.75,0.0775
"Red Mountain","San Bernardino",7.75,0.0775
"Redlands*","San Bernardino",7.75,0.0775
"Rialto*","San Bernardino",7.75,0.0775
"Rimforest","San Bernardino",7.75,0.0775
"Running Springs","San Bernardino",7.75,0.0775
"Skyforest","San Bernardino",7.75,0.0775
"Smoke Tree (Twentynine Palms*)","San Bernardino",7.75,0.0775
"Sugarloaf","San Bernardino",7.75,0.0775
"Summit","San Bernardino",7.75,0.0775
"Trona","San Bernardino",7.75,0.0775
"Twentynine Palms*","San Bernardino",7.75,0.0775
"Twin Peaks","San Bernardino",7.75,0.0775
"Upland*","San Bernardino",7.75,0.0775
"Victorville*","San Bernardino",7.75,0.0775
"Vidal","San Bernardino",7.75,0.0775
"Westend","San Bernardino",7.75,0.0775
"Wrightwood","San Bernardino",7.75,0.0775
"Yermo","San Bernardino",7.75,0.0775
"Yucaipa*","San Bernardino",7.75,0.0775
"Montclair*","San Bernardino",8,0.08
"Norton A.F.B. (San Bernardino*)","San Bernardino",8,0.08
"San Bernardino*","San Bernardino",8,0.08
"Yucca Valley*","San Bernardino",8.75,0.0875
"Agua Caliente Springs","San Diego",7.75,0.0775
"Alpine","San Diego",7.75,0.0775
"Balboa Park (San Diego*)","San Diego",7.75,0.0775
"Bonita","San Diego",7.75,0.0775
"Bonsall","San Diego",7.75,0.0775
"Borrego Springs","San Diego",7.75,0.0775
"Bostonia","San Diego",7.75,0.0775
"Boulevard","San Diego",7.75,0.0775
"Camp Pendleton","San Diego",7.75,0.0775
"Campo","San Diego",7.75,0.0775
"Cardiff By The Sea (Encinitas*)","San Diego",7.75,0.0775
"Carlsbad*","San Diego",7.75,0.0775
"College Grove Center","San Diego",7.75,0.0775
"Coronado*","San Diego",7.75,0.0775
"Crest","San Diego",7.75,0.0775
"Descanso","San Diego",7.75,0.0775
"Dulzura","San Diego",7.75,0.0775
"Encinitas*","San Diego",7.75,0.0775
"Escondido*","San Diego",7.75,0.0775
"Fallbrook","San Diego",7.75,0.0775
"Fallbrook Junction","San Diego",7.75,0.0775
"Flinn Springs","San Diego",7.75,0.0775
"Guatay","San Diego",7.75,0.0775
"Harbison Canyon","San Diego",7.75,0.0775
"Hillcrest (San Diego*)","San Diego",7.75,0.0775
"Imperial Beach*","San Diego",7.75,0.0775
"Jacumba","San Diego",7.75,0.0775
"Jamacha","San Diego",7.75,0.0775
"Jamul","San Diego",7.75,0.0775
"Johnstown","San Diego",7.75,0.0775
"Julian","San Diego",7.75,0.0775
"La Jolla (San Diego*)","San Diego",7.75,0.0775
"Lake San Marcos","San Diego",7.75,0.0775
"Lakeside","San Diego",7.75,0.0775
"Lemon Grove*","San Diego",7.75,0.0775
"Leucadia (Encinitas*)","San Diego",7.75,0.0775
"Lincoln Acres","San Diego",7.75,0.0775
"Miramar (San Diego*)","San Diego",7.75,0.0775
"Mount Laguna","San Diego",7.75,0.0775
"Naval (San Diego*)","San Diego",7.75,0.0775
"Naval Air Station (Coronado*)","San Diego",7.75,0.0775
"Naval Hospital (San Diego*)","San Diego",7.75,0.0775
"Naval Training Center (San Diego*)","San Diego",7.75,0.0775
"Oceanside*","San Diego",7.75,0.0775
"Ocotillo Wells","San Diego",7.75,0.0775
"Olivenhain (Encinitas*)","San Diego",7.75,0.0775
"Pala","San Diego",7.75,0.0775
"Palm City (San Diego*)","San Diego",7.75,0.0775
"Palomar Mountain","San Diego",7.75,0.0775
"Pauma Valley","San Diego",7.75,0.0775
"Pine Valley","San Diego",7.75,0.0775
"Potrero","San Diego",7.75,0.0775
"Poway*","San Diego",7.75,0.0775
"Rainbow","San Diego",7.75,0.0775
"Ramona","San Diego",7.75,0.0775
"Ranchita","San Diego",7.75,0.0775
"Rancho Bernardo (San Diego*)","San Diego",7.75,0.0775
"Rancho Santa Fe","San Diego",7.75,0.0775
"San Carlos (San Diego*)","San Diego",7.75,0.0775
"San Diego*","San Diego",7.75,0.0775
"San Luis Rey (Oceanside*)","San Diego",7.75,0.0775
"San Marcos*","San Diego",7.75,0.0775
"San Ysidro (San Diego*)","San Diego",7.75,0.0775
"Santa Ysabel","San Diego",7.75,0.0775
"Santee*","San Diego",7.75,0.0775
"Solana Beach*","San Diego",7.75,0.0775
"Spring Valley","San Diego",7.75,0.0775
"Sunnyside","San Diego",7.75,0.0775
"Tecate","San Diego",7.75,0.0775
"Tierra Del Sol","San Diego",7.75,0.0775
"Tierrasanta (San Diego*)","San Diego",7.75,0.0775
"Valley Center","San Diego",7.75,0.0775
"Warner Springs","San Diego",7.75,0.0775
"Chula Vista*","San Diego",8.25,0.0825
"El Cajon*","San Diego",8.25,0.0825
"Otay (Chula Vista*)","San Diego",8.25,0.0825
"Vista*","San Diego",8.25,0.0825
"La Mesa*","San Diego",8.5,0.085
"Del Mar*","San Diego",8.75,0.0875
"National City*","San Diego",8.75,0.0875
"Presidio (San Francisco*)","San Francisco",8.5,0.085
"San Francisco*","San Francisco",8.5,0.085
"Acampo","San Joaquin",7.75,0.0775
"Banta","San Joaquin",7.75,0.0775
"Clements","San Joaquin",7.75,0.0775
"Escalon*","San Joaquin",7.75,0.0775
"Farmington","San Joaquin",7.75,0.0775
"French Camp","San Joaquin",7.75,0.0775
"Holt","San Joaquin",7.75,0.0775
"Lincoln Village","San Joaquin",7.75,0.0775
"Linden","San Joaquin",7.75,0.0775
"Lockeford","San Joaquin",7.75,0.0775
"Lodi*","San Joaquin",7.75,0.0775
"Ripon*","San Joaquin",7.75,0.0775
"Sharpe Army Depot","San Joaquin",7.75,0.0775
"Thornton","San Joaquin",7.75,0.0775
"Vernalis","San Joaquin",7.75,0.0775
"Victor","San Joaquin",7.75,0.0775
"Woodbridge","San Joaquin",7.75,0.0775
"Manteca*","San Joaquin",8.25,0.0825
"Tracy*","San Joaquin",8.25,0.0825
"Lathrop*","San Joaquin",8.75,0.0875
"Stockton*","San Joaquin",9,0.09
"Adelaide","San Luis Obispo",7.25,0.0725
"Avila Beach","San Luis Obispo",7.25,0.0725
"Baywood Park","San Luis Obispo",7.25,0.0725
"California Valley","San Luis Obispo",7.25,0.0725
"Cambria","San Luis Obispo",7.25,0.0725
"Cayucos","San Luis Obispo",7.25,0.0725
"Cholame","San Luis Obispo",7.25,0.0725
"Creston","San Luis Obispo",7.25,0.0725
"Halcyon","San Luis Obispo",7.25,0.0725
"Harmony","San Luis Obispo",7.25,0.0725
"Los Osos","San Luis Obispo",7.25,0.0725
"Los Padres","San Luis Obispo",7.25,0.0725
"Morro Plaza","San Luis Obispo",7.25,0.0725
"Nipomo","San Luis Obispo",7.25,0.0725
"Oceano","San Luis Obispo",7.25,0.0725
"San Miguel","San Luis Obispo",7.25,0.0725
"San Simeon","San Luis Obispo",7.25,0.0725
"Santa Margarita","San Luis Obispo",7.25,0.0725
"Shandon","San Luis Obispo",7.25,0.0725
"Templeton","San Luis Obispo",7.25,0.0725
"Arroyo Grande*","San Luis Obispo",7.75,0.0775
"Atascadero*","San Luis Obispo",7.75,0.0775
"Del Mar Heights (Morro Bay*)","San Luis Obispo",7.75,0.0775
"Grover Beach*","San Luis Obispo",7.75,0.0775
"Morro Bay*","San Luis Obispo",7.75,0.0775
"Paso Robles*","San Luis Obispo",7.75,0.0775
"Pismo Beach*","San Luis Obispo",7.75,0.0775
"San Luis Obispo*","San Luis Obispo",7.75,0.0775
"Shell Beach (Pismo Beach*)","San Luis Obispo",7.75,0.0775
"Atherton*","San Mateo",8.75,0.0875
"Brisbane*","San Mateo",8.75,0.0875
"Burlingame*","San Mateo",8.75,0.0875
"Colma*","San Mateo",8.75,0.0875
"Daly City*","San Mateo",8.75,0.0875
"El Granada","San Mateo",8.75,0.0875
"Emerald Hills (Redwood City*)","San Mateo",8.75,0.0875
"Foster City*","San Mateo",8.75,0.0875
"Half Moon Bay*","San Mateo",8.75,0.0875
"Hillsborough*","San Mateo",8.75,0.0875
"La Honda","San Mateo",8.75,0.0875
"Ladera","San Mateo",8.75,0.0875
"Loma Mar","San Mateo",8.75,0.0875
"Marsh Manor","San Mateo",8.75,0.0875
"Menlo Park*","San Mateo",8.75,0.0875
"Millbrae*","San Mateo",8.75,0.0875
"Montara","San Mateo",8.75,0.0875
"Moss Beach","San Mateo",8.75,0.0875
"Pacifica*","San Mateo",8.75,0.0875
"Pescadero","San Mateo",8.75,0.0875
"Portola Valley*","San Mateo",8.75,0.0875
"Redwood City*","San Mateo",8.75,0.0875
"San Bruno*","San Mateo",8.75,0.0875
"San Carlos*","San Mateo",8.75,0.0875
"San Gregorio","San Mateo",8.75,0.0875
"Woodside*","San Mateo",8.75,0.0875
"Hillsdale (San Mateo*)","San Mateo",9,0.09
"San Mateo*","San Mateo",9,0.09
"Belmont*","San Mateo",9.25,0.0925
"East Palo Alto*","San Mateo",9.25,0.0925
"South San Francisco*","San Mateo",9.25,0.0925
"Ballard","Santa Barbara",7.75,0.0775
"Betteravia","Santa Barbara",7.75,0.0775
"Buellton*","Santa Barbara",7.75,0.0775
"Carpinteria*","Santa Barbara",7.75,0.0775
"Casmalia","Santa Barbara",7.75,0.0775
"Cuyama","Santa Barbara",7.75,0.0775
"Garey","Santa Barbara",7.75,0.0775
"Gaviota","Santa Barbara",7.75,0.0775
"Goleta*","Santa Barbara",7.75,0.0775
"Isla Vista","Santa Barbara",7.75,0.0775
"Lompoc*","Santa Barbara",7.75,0.0775
"Los Alamos","Santa Barbara",7.75,0.0775
"Los Olivos","Santa Barbara",7.75,0.0775
"Montecito","Santa Barbara",7.75,0.0775
"New Cuyama","Santa Barbara",7.75,0.0775
"Orcutt","Santa Barbara",7.75,0.0775
"Refugio Beach","Santa Barbara",7.75,0.0775
"Santa Barbara*","Santa Barbara",7.75,0.0775
"Santa Ynez","Santa Barbara",7.75,0.0775
"Sisquoc","Santa Barbara",7.75,0.0775
"Solvang*","Santa Barbara",7.75,0.0775
"Summerland","Santa Barbara",7.75,0.0775
"University","Santa Barbara",7.75,0.0775
"Vandenberg A.F.B","Santa Barbara",7.75,0.0775
"Ventucopa","Santa Barbara",7.75,0.0775
"Guadalupe*","Santa Barbara",8,0.08
"Santa Maria*","Santa Barbara",8,0.08
"Almaden Valley","Santa Clara",9,0.09
"Blossom Hill","Santa Clara",9,0.09
"Blossom Valley","Santa Clara",9,0.09
"Cambrian Park","Santa Clara",9,0.09
"Coyote","Santa Clara",9,0.09
"Cupertino*","Santa Clara",9,0.09
"Gilroy*","Santa Clara",9,0.09
"Holy City","Santa Clara",9,0.09
"Lorre Estates","Santa Clara",9,0.09
"Los Altos Hills*","Santa Clara",9,0.09
"Los Altos*","Santa Clara",9,0.09
"Los Gatos*","Santa Clara",9,0.09
"Milpitas*","Santa Clara",9,0.09
"Moffett Field","Santa Clara",9,0.09
"Monta Vista","Santa Clara",9,0.09
"Monte Sereno*","Santa Clara",9,0.09
"Morgan Hill*","Santa Clara",9,0.09
"Mount Hamilton","Santa Clara",9,0.09
"Mountain View*","Santa Clara",9,0.09
"New Almaden","Santa Clara",9,0.09
"Palo Alto*","Santa Clara",9,0.09
"Permanente","Santa Clara",9,0.09
"Redwood Estates","Santa Clara",9,0.09
"San Martin","Santa Clara",9,0.09
"San Tomas","Santa Clara",9,0.09
"Santa Clara*","Santa Clara",9,0.09
"Saratoga*","Santa Clara",9,0.09
"Stanford","Santa Clara",9,0.09
"Sunnyvale*","Santa Clara",9,0.09
"Valley Fair","Santa Clara",9,0.09
"Alviso (San Jose*)","Santa Clara",9.25,0.0925
"Campbell*","Santa Clara",9.25,0.0925
"San Jose*","Santa Clara",9.25,0.0925
"Aptos","Santa Cruz",8.5,0.085
"Ben Lomond","Santa Cruz",8.5,0.085
"Big Basin","Santa Cruz",8.5,0.085
"Bonny Doon","Santa Cruz",8.5,0.085
"Boulder Creek","Santa Cruz",8.5,0.085
"Brookdale","Santa Cruz",8.5,0.085
"Corralitos","Santa Cruz",8.5,0.085
"Davenport","Santa Cruz",8.5,0.085
"Felton","Santa Cruz",8.5,0.085
"Freedom","Santa Cruz",8.5,0.085
"La Selva Beach","Santa Cruz",8.5,0.085
"Live Oak ","Santa Cruz",8.5,0.085
"Lockheed","Santa Cruz",8.5,0.085
"Monterey Bay Academy","Santa Cruz",8.5,0.085
"Mount Hermon","Santa Cruz",8.5,0.085
"Opal Cliffs","Santa Cruz",8.5,0.085
"Rio Del Mar","Santa Cruz",8.5,0.085
"Soquel","Santa Cruz",8.5,0.085
"Capitola*","Santa Cruz",9,0.09
"Santa Cruz*","Santa Cruz",9,0.09
"Scotts Valley*","Santa Cruz",9,0.09
"Seabright (Santa Cruz*)","Santa Cruz",9,0.09
"Freedom (Watsonville*)","Santa Cruz",9.25,0.0925
"Watsonville*","Santa Cruz",9.25,0.0925
"Bella Vista","Shasta",7.25,0.0725
"Big Bend","Shasta",7.25,0.0725
"Burney","Shasta",7.25,0.0725
"Cassel","Shasta",7.25,0.0725
"Castella","Shasta",7.25,0.0725
"Central Valley","Shasta",7.25,0.0725
"Cottonwood","Shasta",7.25,0.0725
"Enterprise","Shasta",7.25,0.0725
"Fall River Mills","Shasta",7.25,0.0725
"French Gulch","Shasta",7.25,0.0725
"Glenburn","Shasta",7.25,0.0725
"Hat Creek","Shasta",7.25,0.0725
"Igo","Shasta",7.25,0.0725
"Keswick","Shasta",7.25,0.0725
"Lakehead","Shasta",7.25,0.0725
"Manzanita Lake","Shasta",7.25,0.0725
"McArthur","Shasta",7.25,0.0725
"Millville","Shasta",7.25,0.0725
"Montgomery Creek","Shasta",7.25,0.0725
"Oak Run","Shasta",7.25,0.0725
"O'Brien","Shasta",7.25,0.0725
"Old Station","Shasta",7.25,0.0725
"Olinda","Shasta",7.25,0.0725
"Ono","Shasta",7.25,0.0725
"Palo Cedro","Shasta",7.25,0.0725
"Platina","Shasta",7.25,0.0725
"Project City","Shasta",7.25,0.0725
"Redding*","Shasta",7.25,0.0725
"Round Mountain","Shasta",7.25,0.0725
"Shasta","Shasta",7.25,0.0725
"Shasta Lake*","Shasta",7.25,0.0725
"Shingletown","Shasta",7.25,0.0725
"Summit City","Shasta",7.25,0.0725
"Whiskeytown","Shasta",7.25,0.0725
"Whitmore","Shasta",7.25,0.0725
"Wildwood","Shasta",7.25,0.0725
"Anderson*","Shasta",7.75,0.0775
"Alleghany","Sierra",7.25,0.0725
"Calpine","Sierra",7.25,0.0725
"Downieville","Sierra",7.25,0.0725
"Goodyears Bar","Sierra",7.25,0.0725
"Loyalton*","Sierra",7.25,0.0725
"Sattley","Sierra",7.25,0.0725
"Sierra City","Sierra",7.25,0.0725
"Sierraville","Sierra",7.25,0.0725
"Callahan","Siskiyou",7.25,0.0725
"Cecilville","Siskiyou",7.25,0.0725
"Clear Creek","Siskiyou",7.25,0.0725
"Dorris*","Siskiyou",7.25,0.0725
"Edgewood","Siskiyou",7.25,0.0725
"Etna*","Siskiyou",7.25,0.0725
"Forks of Salmon","Siskiyou",7.25,0.0725
"Fort Jones*","Siskiyou",7.25,0.0725
"Gazelle","Siskiyou",7.25,0.0725
"Greenview","Siskiyou",7.25,0.0725
"Grenada","Siskiyou",7.25,0.0725
"Happy Camp","Siskiyou",7.25,0.0725
"Hilt","Siskiyou",7.25,0.0725
"Hornbrook","Siskiyou",7.25,0.0725
"Horse Creek","Siskiyou",7.25,0.0725
"Kinyon","Siskiyou",7.25,0.0725
"Klamath River","Siskiyou",7.25,0.0725
"Lake Shastina","Siskiyou",7.25,0.0725
"Macdoel","Siskiyou",7.25,0.0725
"McCloud","Siskiyou",7.25,0.0725
"Montague*","Siskiyou",7.25,0.0725
"Mount Hebron","Siskiyou",7.25,0.0725
"Pondosa","Siskiyou",7.25,0.0725
"Sawyers Bar","Siskiyou",7.25,0.0725
"Scott Bar","Siskiyou",7.25,0.0725
"Seiad Valley","Siskiyou",7.25,0.0725
"Somes Bar","Siskiyou",7.25,0.0725
"Tulelake*","Siskiyou",7.25,0.0725
"Mount Shasta*","Siskiyou",7.5,0.075
"Weed*","Siskiyou",7.5,0.075
"Dunsmuir*","Siskiyou",7.75,0.0775
"Yreka*","Siskiyou",7.75,0.0775
"Birds Landing","Solano",7.375,0.07375
"Dairy Farm","Solano",7.375,0.07375
"Dixon*","Solano",7.375,0.07375
"Elmira","Solano",7.375,0.07375
"Larwin Plaza","Solano",7.375,0.07375
"Liberty Farms","Solano",7.375,0.07375
"Vacaville*","Solano",7.625,0.07625
"Rio Vista*","Solano",8.125,0.08125
"Benicia*","Solano",8.375,0.08375
"Fairfield*","Solano",8.375,0.08375
"Mare Island (Vallejo*)","Solano",8.375,0.08375
"Suisun City*","Solano",8.375,0.08375
"Travis A.F.B. (Fairfield*)","Solano",8.375,0.08375
"Vallejo*","Solano",8.375,0.08375
"Agua Caliente","Sonoma",8.125,0.08125
"Annapolis","Sonoma",8.125,0.08125
"Asti","Sonoma",8.125,0.08125
"Bodega","Sonoma",8.125,0.08125
"Bodega Bay","Sonoma",8.125,0.08125
"Boyes Hot Springs","Sonoma",8.125,0.08125
"Camp Meeker","Sonoma",8.125,0.08125
"Cazadero","Sonoma",8.125,0.08125
"Cloverdale*","Sonoma",8.125,0.08125
"Duncans Mills","Sonoma",8.125,0.08125
"El Verano","Sonoma",8.125,0.08125
"Eldridge","Sonoma",8.125,0.08125
"Forestville","Sonoma",8.125,0.08125
"Freestone","Sonoma",8.125,0.08125
"Fulton","Sonoma",8.125,0.08125
"Geyserville","Sonoma",8.125,0.08125
"Glen Ellen","Sonoma",8.125,0.08125
"Graton","Sonoma",8.125,0.08125
"Guerneville","Sonoma",8.125,0.08125
"Jenner","Sonoma",8.125,0.08125
"Kenwood","Sonoma",8.125,0.08125
"Korbel","Sonoma",8.125,0.08125
"Larkfield","Sonoma",8.125,0.08125
"Monte Rio","Sonoma",8.125,0.08125
"Occidental","Sonoma",8.125,0.08125
"Penngrove","Sonoma",8.125,0.08125
"Petaluma*","Sonoma",8.125,0.08125
"Rio Nido","Sonoma",8.125,0.08125
"Roseland","Sonoma",8.125,0.08125
"Sea Ranch","Sonoma",8.125,0.08125
"Stewarts Point","Sonoma",8.125,0.08125
"Two Rock Coast Guard Station","Sonoma",8.125,0.08125
"Valley Ford","Sonoma",8.125,0.08125
"Villa Grande","Sonoma",8.125,0.08125
"Vineburg","Sonoma",8.125,0.08125
"Windsor*","Sonoma",8.125,0.08125
"Healdsburg*","Sonoma",8.625,0.08625
"Rohnert Park*","Sonoma",8.625,0.08625
"Santa Rosa*","Sonoma",8.625,0.08625
"Sonoma*","Sonoma",8.625,0.08625
"Sebastopol*","Sonoma",8.875,0.08875
"Cotati*","Sonoma",9.125,0.09125
"Crows Landing","Stanislaus",7.875,0.07875
"Denair","Stanislaus",7.875,0.07875
"El Viejo","Stanislaus",7.875,0.07875
"Empire","Stanislaus",7.875,0.07875
"Hickman","Stanislaus",7.875,0.07875
"Hughson*","Stanislaus",7.875,0.07875
"Keyes","Stanislaus",7.875,0.07875
"Knights Ferry","Stanislaus",7.875,0.07875
"La Grange","Stanislaus",7.875,0.07875
"Modesto*","Stanislaus",7.875,0.07875
"Newman*","Stanislaus",7.875,0.07875
"Patterson*","Stanislaus",7.875,0.07875
"Riverbank*","Stanislaus",7.875,0.07875
"Salida","Stanislaus",7.875,0.07875
"Turlock*","Stanislaus",7.875,0.07875
"Valley Home","Stanislaus",7.875,0.07875
"Waterford*","Stanislaus",7.875,0.07875
"Westley","Stanislaus",7.875,0.07875
"Westside","Stanislaus",7.875,0.07875
"Ceres*","Stanislaus",8.375,0.08375
"Oakdale*","Stanislaus",8.375,0.08375
"East Nicolaus","Sutter",7.25,0.0725
"Live Oak*","Sutter",7.25,0.0725
"Meridian","Sutter",7.25,0.0725
"Nicolaus","Sutter",7.25,0.0725
"Pleasant Grove","Sutter",7.25,0.0725
"Rio Oso","Sutter",7.25,0.0725
"Robbins","Sutter",7.25,0.0725
"Sutter","Sutter",7.25,0.0725
"Trowbridge","Sutter",7.25,0.0725
"Yuba City*","Sutter",7.25,0.0725
"Flournoy","Tehama",7.25,0.0725
"Gerber","Tehama",7.25,0.0725
"Los Molinos","Tehama",7.25,0.0725
"Manton","Tehama",7.25,0.0725
"Mill Creek","Tehama",7.25,0.0725
"Mineral","Tehama",7.25,0.0725
"Paskenta","Tehama",7.25,0.0725
"Paynes Creek","Tehama",7.25,0.0725
"Proberta","Tehama",7.25,0.0725
"Richfield","Tehama",7.25,0.0725
"Tehama*","Tehama",7.25,0.0725
"Vina","Tehama",7.25,0.0725
"Red Bluff*","Tehama",7.5,0.075
"Corning*","Tehama",7.75,0.0775
"Big Bar","Trinity",7.25,0.0725
"Burnt Ranch","Trinity",7.25,0.0725
"Denny","Trinity",7.25,0.0725
"Douglas City","Trinity",7.25,0.0725
"Forest Glen","Trinity",7.25,0.0725
"Hayfork","Trinity",7.25,0.0725
"Helena","Trinity",7.25,0.0725
"Hyampom","Trinity",7.25,0.0725
"Island Mountain","Trinity",7.25,0.0725
"Junction City","Trinity",7.25,0.0725
"Lewiston","Trinity",7.25,0.0725
"Mad River","Trinity",7.25,0.0725
"Ruth","Trinity",7.25,0.0725
"Salyer","Trinity",7.25,0.0725
"Trinity Center","Trinity",7.25,0.0725
"Weaverville","Trinity",7.25,0.0725
"Zenia","Trinity",7.25,0.0725
"Alpaugh","Tulare",7.75,0.0775
"Badger","Tulare",7.75,0.0775
"California Hot Springs","Tulare",7.75,0.0775
"Camp Kaweah","Tulare",7.75,0.0775
"Camp Nelson","Tulare",7.75,0.0775
"Cutler","Tulare",7.75,0.0775
"Ducor","Tulare",7.75,0.0775
"Earlimart","Tulare",7.75,0.0775
"East Porterville","Tulare",7.75,0.0775
"Exeter*","Tulare",7.75,0.0775
"Giant Forest","Tulare",7.75,0.0775
"Goshen","Tulare",7.75,0.0775
"Ivanhoe","Tulare",7.75,0.0775
"Johnsondale","Tulare",7.75,0.0775
"Kaweah","Tulare",7.75,0.0775
"Kings Canyon National Park","Tulare",7.75,0.0775
"Lemoncove","Tulare",7.75,0.0775
"Linnell","Tulare",7.75,0.0775
"London","Tulare",7.75,0.0775
"Mineral King","Tulare",7.75,0.0775
"Mooney","Tulare",7.75,0.0775
"Orosi","Tulare",7.75,0.0775
"Pixley","Tulare",7.75,0.0775
"Plainview","Tulare",7.75,0.0775
"Poplar","Tulare",7.75,0.0775
"Posey","Tulare",7.75,0.0775
"Richgrove","Tulare",7.75,0.0775
"Sequoia National Park","Tulare",7.75,0.0775
"Springville","Tulare",7.75,0.0775
"Strathmore","Tulare",7.75,0.0775
"Sultana","Tulare",7.75,0.0775
"Tagus Ranch","Tulare",7.75,0.0775
"Terra Bella","Tulare",7.75,0.0775
"Three Rivers","Tulare",7.75,0.0775
"Tipton","Tulare",7.75,0.0775
"Town Center","Tulare",7.75,0.0775
"Traver","Tulare",7.75,0.0775
"Waukena","Tulare",7.75,0.0775
"Woodlake*","Tulare",7.75,0.0775
"Woodville","Tulare",7.75,0.0775
"Yettem","Tulare",7.75,0.0775
"Farmersville*","Tulare",8.25,0.0825
"Porterville*","Tulare",8.25,0.0825
"Tulare*","Tulare",8.25,0.0825
"Dinuba*","Tulare",8.5,0.085
"Visalia*","Tulare",8.5,0.085
"Lindsay*","Tulare",8.75,0.0875
"Big Oak Flat","Tuolumne",7.25,0.0725
"Chinese Camp","Tuolumne",7.25,0.0725
"Columbia","Tuolumne",7.25,0.0725
"Dardanelle","Tuolumne",7.25,0.0725
"Groveland","Tuolumne",7.25,0.0725
"Jamestown","Tuolumne",7.25,0.0725
"Long Barn","Tuolumne",7.25,0.0725
"Mather","Tuolumne",7.25,0.0725
"Mi-Wuk Village","Tuolumne",7.25,0.0725
"Moccasin","Tuolumne",7.25,0.0725
"Pinecrest","Tuolumne",7.25,0.0725
"Soulsbyville","Tuolumne",7.25,0.0725
"Standard","Tuolumne",7.25,0.0725
"Stanislaus","Tuolumne",7.25,0.0725
"Strawberry","Tuolumne",7.25,0.0725
"Tuolumne","Tuolumne",7.25,0.0725
"Twain Harte","Tuolumne",7.25,0.0725
"Sonora*","Tuolumne",7.75,0.0775
"Camarillo*","Ventura",7.25,0.0725
"Casitas Springs","Ventura",7.25,0.0725
"Fillmore*","Ventura",7.25,0.0725
"Lake Sherwood","Ventura",7.25,0.0725
"Meiners Oaks","Ventura",7.25,0.0725
"Moorpark*","Ventura",7.25,0.0725
"Newbury Park (Thousand Oaks*)","Ventura",7.25,0.0725
"Nyeland Acres","Ventura",7.25,0.0725
"Oak Park","Ventura",7.25,0.0725
"Oak View","Ventura",7.25,0.0725
"Ojai*","Ventura",7.25,0.0725
"Piru","Ventura",7.25,0.0725
"Point Mugu","Ventura",7.25,0.0725
"Santa Rosa Valley","Ventura",7.25,0.0725
"Saticoy","Ventura",7.25,0.0725
"Simi Valley*","Ventura",7.25,0.0725
"Somis","Ventura",7.25,0.0725
"Thousand Oaks*","Ventura",7.25,0.0725
"Westlake Village (Thousand Oaks*)","Ventura",7.25,0.0725
"Montalvo (Ventura*)","Ventura",7.75,0.0775
"Naval (Port Hueneme*)","Ventura",7.75,0.0775
"Oxnard*","Ventura",7.75,0.0775
"Port Hueneme*","Ventura",7.75,0.0775
"Ventura*","Ventura",7.75,0.0775
"Santa Paula*","Ventura",8.25,0.0825
"Brooks","Yolo",7.25,0.0725
"Capay","Yolo",7.25,0.0725
"Clarksburg","Yolo",7.25,0.0725
"Dunnigan","Yolo",7.25,0.0725
"El Macero","Yolo",7.25,0.0725
"Esparto","Yolo",7.25,0.0725
"Guinda","Yolo",7.25,0.0725
"Knights Landing","Yolo",7.25,0.0725
"Madison","Yolo",7.25,0.0725
"Rumsey","Yolo",7.25,0.0725
"Winters*","Yolo",7.25,0.0725
"Yolo","Yolo",7.25,0.0725
"Zamora","Yolo",7.25,0.0725
"Broderick (West Sacramento*)","Yolo",8,0.08
"Bryte (West Sacramento*)","Yolo",8,0.08
"West Sacramento*","Yolo",8,0.08
"Woodland*","Yolo",8,0.08
"Davis* (U.C. Davis campus rate is 7.25%)","Yolo",8.25,0.0825
"Beale A.F.B.","Yuba",7.25,0.0725
"Browns Valley","Yuba",7.25,0.0725
"Brownsville","Yuba",7.25,0.0725
"Camp Beale","Yuba",7.25,0.0725
"Camptonville","Yuba",7.25,0.0725
"Challenge","Yuba",7.25,0.0725
"Dobbins","Yuba",7.25,0.0725
"Linda","Yuba",7.25,0.0725
"Loma Rica","Yuba",7.25,0.0725
"Olivehurst","Yuba",7.25,0.0725
"Oregon House","Yuba",7.25,0.0725
"Rackerby","Yuba",7.25,0.0725
"Smartsville","Yuba",7.25,0.0725
"Strawberry Valley","Yuba",7.25,0.0725
"Woodleaf","Yuba",7.25,0.0725
"Wheatland*","Yuba",7.75,0.0775
"Marysville*","Yuba",8.25,0.0825
